[{"name": "CEPAR SRL (San Francisco)","address": "Dante Alighieri 1257","city": "San Francisco","province": "Cordoba"},
{"name": "CEPAR SRL (Morteros)","address": "Bv. Illia 48","city": "Morteros","province": "Cordoba"},
{"name": "CER Rafaela SRL","address": "Necochea 260","city": "Rafaela","province": "Santa Fe"},
{"name": "Sanatorio Delta (Dr Eduardo M Olazarri)","address": "Mendoza 1560. 1º Piso","city": "Rosario","province": "Santa Fe"},
{"name": "Servicio Privado de Dialisis Riccobelli SRL","address": "San Jerónimo 3178","city": "Santa Fe","province": "Santa Fe"},
{"name": "Unidad Medica Renal Rufino SRL","address": "Alem Vieyra 1261","city": "Rufino","province": "Santa Fe"},
{"name": "Centro de Terapia Renal SRL","address": "25 de Mayo 25 - 3º Piso","city": "Rafaela","province": "Santa Fe"},
{"name": "Dra Maria Angelica Giudice","address": "Sarmiento 303","city": "Galvez","province": "Santa Fe"},
{"name": "Nefrored SA","address": "Paraguay 40","city": "Rosario","province": "Santa Fe"},
{"name": "CEPAC SA","address": "Hernandaria 46","city": "Ceres","province": "Santa Fe"},
{"name": "Centro de Hemodialisis Cañada de Gómez","address": "Brown 832","city": "Cañada De Gomez","province": "Santa Fe"},
{"name": "Centro Medico Rivadavia SRL","address": "Córdoba 318","city": "Villa Constitucion","province": "Santa Fe"},
{"name": "Instituto Integral de Nefrologia SA","address": "Dr. Ghio 474","city": "San Lorenzo","province": "Santa Fe"},
{"name": "Iner Siglo Siglo XXI SA (La Paz)","address": "Santiago del Estero 511","city": "Parana","province": "Entre Rios"},
{"name": "FANEF SRL","address": "CPN Nelsis Muriziasco 1556","city": "San Jorge","province": "Santa Fe"},
{"name": "Centro Integral de Dialisis SRL","address": "La Paz 1045","city": "Rosario","province": "Santa Fe"},
{"name": "Nefrosur Terapias Renales","address": "Av. Arijón 145 - 2º Piso","city": "Rosario","province": "Santa Fe"},
{"name": "Nefro Red Norte SRL","address": "Bv. Rondeau 1365","city": "Rosario","province": "Santa Fe"},
{"name": "NEFAR SRL","address": "San Juan 3034","city": "Rosario","province": "Santa Fe"},
{"name": "Servicio de Nefrologia Clinica Ocampo","address": "Uriquiza 1551","city": "Villa Ocampo","province": "Santa Fe"},
{"name": "SINEF Servicios de Nefrologia","address": "Pte Roca 2440. PB","city": "Rosario","province": "Santa Fe"},
{"name": "Servicio de Nefrologia Hospital Italiano","address": "Virasoro 1249 1º Piso","city": "Rosario","province": "Santa Fe"},
{"name": "Centro Integral de Dialisis VGG","address": "Juan B Justo 2053","city": "Villa Gobernador Galvez","province": "Santa Fe"},
{"name": "PLA DIAL SRL","address": "Dorrego 1550 PB","city": "Rosario","province": "Santa Fe"},
{"name": "Sanatorio MIT","address": "Av. Freyre 3074","city": "Santa Fe","province": "Santa Fe"},
{"name": "Centro de Nefrología y Diálisis Casilda","address": "Buenos Aires 1785","city": "Casilda","province": "Santa Fe"},
{"name": "Centro de Nefrologia y Dialisis de Rosario SA","address": "Alvear 1179","city": "Rosario","province": "Santa Fe"},
{"name": "NEFRA Medical Care (Español)","address": "Sarmiento 3150","city": "Rosario","province": "Santa Fe"},
{"name": "NEFRA Medical Care (Venado Tuerto)","address": "Pellegrini 660","city": "Venado Tuerto","province": "Santa Fe"},
{"name": "NEFRA Medical Care (San Justo)","address": "Santa Fe 2983","city": "San Justo","province": "Santa Fe"},
{"name": "NEFRA Medical Care (Santa Fe)","address": "Mariano Comas 2449","city": "Santa Fe","province": "Santa Fe"},
{"name": "NEFRA Medical Care (Reconquista)","address": "Mitre 604","city": "Reconquista","province": "Santa Fe"},
{"name": "NEFRA Medical Care (Rosario 1)","address": "Ocampo 3110","city": "Rosario","province": "Santa Fe"}]
